{"options":{},"indexes":[{"v":2,"key":{"_id":1},"name":"_id_","ns":"prestamax.loans"},{"v":2,"key":{"created":-1},"name":"created_-1","background":true,"ns":"prestamax.loans"},{"v":2,"key":{"client_id":-1},"name":"client_id_-1","ns":"prestamax.loans","background":true},{"v":2,"key":{"created":-1,"user_id":1},"name":"created_-1_user_id_1","ns":"prestamax.loans","background":true},{"v":2,"key":{"search":1},"name":"search_1","background":true,"ns":"prestamax.loans"}],"uuid":"acd504a60a194fb49bb7fadef9b24714"}